-- Insertion des catégories
INSERT INTO recipe_category(id, label, img) VALUES
    (1, 'Salé', 'https://img.cuisineaz.com/660x660/2016/07/29/i84653-spaghettis-bolognaise-rapides.jpg'),
    (2, 'Sucré', 'https://img-3.journaldesfemmes.fr/H0qYPxS9uCGiAxcOYPriAyleulw=/750x500/3e880207483541898952bc7c3491b00b/ccmcms-jdf/39903996.jpg');

-- Insertion des sous-catégories
INSERT INTO recipe_subcategory (label, img, id_recipe_category) VALUES
    ('Apéritif', 'https://i.ibb.co/zVXmcyx2/recette-Plateau-aperitif-floral-1.jpg', 1),
    ('Végétarien', 'https://i.ibb.co/YVqmzQ9/veg.webp', 1),
    ('Pâtes', 'https://i.ibb.co/tPbcJK1N/pasta.jpg', 1),
    ('Viande', 'https://i.ibb.co/1JKW0LHV/viande.webp', 1),
    ('Poisson', 'https://i.ibb.co/jZ86kS2p/poisson.jpg', 1),
    ('Pizza', 'https://i.ibb.co/tMyHJk1h/pizza.webp', 1),
    ('Sandwich', 'https://i.ibb.co/mCnPRPQ7/sandwich.webp', 1),
    ('Asiatique', 'https://i.ibb.co/C31h0rSr/asie.jpg', 1),
    ('Bases salées', 'https://i.ibb.co/1K0g0XL/pate.jpg', 1),
    ('Condiments', 'https://i.ibb.co/1rzSytV/sauce.jpg', 1),
    ('Goûters', 'gouters.jpg', 2),
    ('Anniversaire', 'anniversaire.jpg', 2),
    ('Cheesecakes', 'cheesecakes.jpg', 2),
    ('Individuels', 'individuels.jpg', 2),
    ('Petit déjeuner', 'petit_dejeuner.jpg', 2),
    ('Confiseries', 'confiseries.jpg', 2),
    ('Bases sucrées', 'bases_sucre.jpg', 2),
    ('PRO', 'recettes_pro.jpg', 2),
    ('CAP', 'cap.jpg', 2);

INSERT INTO ingredient (label) VALUES
    ('Échalote'),
    ('Beurre'),
    ('Beurre ramolli'),
    ('Butternut'),
    ('Crème liquide'),
    ('Sel'),
    ('Poivre'),
    ('Huile d''olive'),
    ('Paprika'),
    ('Miel'),
    ('Lait'),
    ('Œufs'),
    ('Œuf'),
    ('Farine'),
    ('Gruyère râpé'),
    ('Courgette'),
    ('Tomates cerises'),
    ('Mozzarella'),
    ('Pâte feuilletée'),
    ('Aubergine'),
    ('Oignon'),
    ('Poivron'),
    ('Herbes de Provence'),
    ('Lardons'),
    ('Parmesan'),
    ('Origan'),
    ('Thym'),
    ('Feuilles de menthe'),
    ('Poivron rouge'),
    ('Yaourt grec'),
    ('Citron vert'),
    ('Ail'),
    ('Olives vertes'),
    ('Fromage râpé'),
    ('Pâte à tarte'),
    ('Pesto'),
    ('Riz Arborio'),
    ('Bouillon'),
    ('Vin blanc'),
    ('Parmesan râpé'),
    ('Champignons'),
    ('Purée de patate douce'),
    ('Levure chimique'),
    ('Tranches de saumon fumé'),
    ('Ciboulette'),
    ('Citron'),
    ('Pommes de terre'),
    ('Comté'),
    ('Lentilles vertes'),
    ('Carottes'),
    ('Lait de coco'),
    ('Cumin'),
    ('Garam Masala'),
    ('Gingembre en poudre'),
    ('Curry'),
    ('Concentré de tomates'),
    ('St Moret'),
    ('Tomate cœur de bœuf'),
    ('Oignon frais'),
    ('Eau'),
    ('Semoule pour polenta'),
    ('Cub or'),
    ('Gros sel'),
    ('Pain de campagne'),
    ('Pain'),
    ('Pois chiche cru'),
    ('Persil'),
    ('Epices'),
    ('Graine de sésame'),
    ('Épices au choix'),
    ('Maïs en boîte'),
    ('Poudre à poutine'),
    ('Bacon'),
    ('Crème fraîche épaisse'),
    ('Garniture au choix'),
    ('Pâte feuilletée ou pâte à tarte'),
    ('Lentilles'),
    ('Maïzena'),
    ('Chapelure'),
    ('Pois chiches'),
    ('Menthe'),
    ('Pâtes'),
    ('Burrata'),
    ('Sauce tomate'),
    ('Ricotta'),
    ('Tomates séchées'),
    ('Fêta'),
    ('Penne'),
    ('Poivron jaune'),
    ('Chorizo'),
    ('Pulpe de tomate'),
    ('Épices'),
    ('Sauce tomate Mutti'),
    ('Viande de bœuf hachée'),
    ('Feuilles de pâte à lasagne'),
    ('Haricots rouges'),
    ('Curcuma'),
    ('Blanc de poulet'),
    ('Yaourt nature'),
    ('Gingembre'),
    ('Tomates'),
    ('Persil frais'),
    ('Sucre'),
    ('Jaune d’œuf'),
    ('Olives noires'),
    ('Viande de bœuf'),
    ('Carotte'),
    ('Vin rouge'),
    ('Bouquet garni'),
    ('Veau'),
    ('Poivrons piquillo'),
    ('Graisse de canard'),
    ('Piment d''Espelette'),
    ('Piment doux'),
    ('Haut de cuisse de poulet'),
    ('Viande de porc hachée'),
    ('Persil haché'),
    ('Fond de bœuf'),
    ('Huile'),
    ('Saucisses de Toulouse'),
    ('Piment'),
    ('Riz'),
    ('Pavé de saumon'),
    ('Sauce soja'),
    ('Mirin'),
    ('Cassonade'),
    ('Gingembre moulu'),
    ('Graines de sésame'),
    ('Filet de poisson blanc'),
    ('Tomate'),
    ('Saumon fumé'),
    ('Saumon frais'),
    ('Pain de mie sans croûte'),
    ('Fromage frais'),
    ('Aneth'),
    ('Farine de blé'),
    ('Eau gazeuse'),
    ('Crème fraîche'),
    ('Chèvre'),
    ('Cranberries'),
    ('Noix de pécan'),
    ('Sirop d''érable'),
    ('Fromage à raclette'),
    ('Cornichon'),
    ('Jambon de parme'),
    ('Reblochon'),
    ('Brie'),
    ('Quinoa'),
    ('Hauts de cuisse de poulet'),
    ('Lard fumé cuit'),
    ('Oignon frit'),
    ('Épinards frais'),
    ('Sauce tartare'),
    ('Carpaccio de bœuf'),
    ('Gouda'),
    ('Sauce soja claire'),
    ('Huile de tournesol'),
    ('Farine de riz blanc'),
    ('Levure boulangère'),
    ('Viande hachée'),
    ('Champignons noirs'),
    ('Œuf dur'),
    ('Sauce Nuoc Mam'),
    ('Sauce huitre'),
    ('Cébette'),
    ('Camembert'),
    ('Maggi'),
    ('Huile de sésame'),
    ('Poulet'),
    ('Bœuf'),
    ('Nouilles de blé'),
    ('Brocolis'),
    ('Sauce soja dark'),
    ('Crème épaisse'),
    ('Nouilles Udon'),
    ('Poitrine de porc'),
    ('Chinese cooking wine'),
    ('Huile de friture'),
    ('Cube Or'),
    ('Confit d’oignon'),
    ('Poudre 5 épices'),
    ('Légumes verts'),
    ('Concentré de tomate'),
    ('Pommes de terre violette'),
    ('Fromage blanc'),
    ('Beurre mou'),
    ('Bicarbonate de soude'),
    ('Petits pois'),
    ('Maïs'),
    ('Semoule extra-fine'),
    ('Vinaigre balsamique'),
    ('Champignons émincés'),
    ('Ketchup'),
    ('Sauce Hoisin'),
    ('Fécule de maïs'),
    ('Vinaigre blanc'),
    ('Légumes');

-- Insertion des recettes
INSERT INTO recipe (title, parts, description, img, id_recipe_subcategory) VALUES
    ('Cake salé lardons & olives',6,'Préchauffer le four à 180°. Découper les olives en 2 et faire cuire les lardons au micro-onde. Dans un saladier, fouetter les œufs, la farine, la levure, le sel et le poivre. Incorporer petit à petit l’huile et le lait préalablement chauffé. Ajouter le gruyère râpé et mélanger. Enfin, incorporer les olives et les lardons. Bien mélanger. Verser le tout dans un moule et faire cuire pendant 40 minutes.','cake_sale.jpg',(SELECT id FROM recipe_subcategory WHERE label = 'Apéritif')),
    ('Cookies salés',4,'Mélanger le beurre et le parmesan. Ajouter la farine, l’huile d’olive, l’œuf et les épices. Pétrir jusqu’à obtenir un mélange homogène. Incorporer les lardons. Former des boules et les faire cuire 15 minutes à 180 degrés.','cookies_sales.jpg',(SELECT id FROM recipe_subcategory WHERE label = 'Apéritif')),
    ('Ktipiti',4,'Faire cuire les poivrons coupés en deux et la gousse d’ail 25 minutes à 200 degrés. Les laisser 20 minutes supplémentaires dans le four éteint pour que la peau se retire facilement. Une fois épluchés et refroidis, les placer dans le blender avec tous les autres ingrédients et mixer. Mettre la préparation au frais au moins 1 heure avant de servir.','ktipiti.jpg',(SELECT id FROM recipe_subcategory WHERE label = 'Apéritif')),
    ('Tarte fine', NULL, 'Couper les tomates cerises en deux et les courgettes en rondelles. Etaler le pesto sur la pâte puis placer les légumes. Parsemer d’herbes de Provence. Enfourner à 180°C pendant 25 minutes.','https://i.ibb.co/mh2grgb/1704036446453.jpg', 2),
    ('Risotto', 2, 'Faire revenir le riz dans un peu d’huile d’olive jusqu’à ce qu’il soit translucide. Ajouter progressivement le bouillon. Faire revenir les oignons et champignons séparément. Ajouter parmesan, champignons et olives à la fin.','https://i.ibb.co/H29ccV4/1704035758811.jpg', 2),
    ('Gaufres de patate douce', NULL, 'Mélanger la purée et les œufs battus. Ajouter farine et levure. Cuire dans le gaufrier. Garnir avec yaourt, citron, ciboulette, saumon fumé et œuf mollet.','https://i.ibb.co/tQ585sN/1704035758830.jpg', 2),
    ('Gaufres de l’espace', 4, 'Mélanger épinards, farine, levure, lait et œuf. Cuire dans le gaufrier.', NULL, 2),
    ('Pancakes de pomme de terre', NULL, 'Faire bouillir les pommes de terre, réduire en purée. Ajouter farine, former des boules avec un cube de fromage au centre. Cuire comme pancakes.','https://i.ibb.co/VVkx7Cf/1704035758836.jpg', 2),
    ('Dahl', 2, 'Faire revenir oignon, ail, carotte et épices. Ajouter lentilles et lait de coco. Mijoter 30 min en rajoutant de l’eau si nécessaire.','https://i.ibb.co/hyqhw3H/P1000354.jpg', 2),
    ('Carottes pesto', 2, 'Cuire les carottes à l’eau puis ajouter le pesto. Servir avec du riz.', NULL, 2),
    ('Omelette St Moret', 2, 'Fouetter les œufs et les cuire en omelette. Tartiner de St Moret et ajouter tomate et oignon frais.','https://i.ibb.co/WsC99NQ/1704036446446.jpg', 2),
    ('Stick de Polenta', 4, 'Faire bouillir l’eau avec le cub or, ajouter la semoule. Refroidir, couper en rectangles et enfourner 2 min à 220°C. Servir avec salade ou ratatouille.', NULL, 2),
    ('Croques à l’ancienne', 2, 'Tartiner le pain de pesto, ajouter tomate et mozzarella. Cuire à la poêle jusqu’à ce que le pain soit croustillant.','https://i.ibb.co/gybFs1k/1704036446460.jpg', 2),
    ('Falafels', 4, 'Mixer pois chiche, ail, oignon, herbes, graines et épices. Former des boules et cuire à la poêle. Servir avec salade ou sauce au yaourt.','https://i.ibb.co/gyhrYfY/P1000607.jpg', 2),
    ('Galette maïs', 2, 'Réduire le maïs en purée, ajouter œufs, farine et fromage râpé. Cuire comme pancakes. Servir avec salade.','https://i.ibb.co/q0w8s7W/P1000605.jpg', 2),
    ('Poutine', 2, 'Couper les pommes de terre en frites et cuire. Ajouter sauce, mozzarella et bacon.', NULL, 2),
    ('Tortilla',2,'Couper les pommes de terre et l’oignon en fines tranches. Mettre une bonne dose d’huile d’olive dans une poêle chaude (remplir le fond). Faire revenir les pommes de terre, l’oignon et la gousse d’ail. Une fois cuit, ajouter les œufs préalablement battus. Quand la tortilla se tient, la retourner pour faire cuire l’autre face à l’aide d’une assiette.',NULL,(SELECT id FROM recipe_subcategory WHERE label = 'Végétarien')),
    ('Galette Quinoa',2,'Faire cuire le quinoa. Emincer l’échalote et la faire cuire. Mélanger le quinoa, l’échalote, la farine, le parmesan, l’œuf et les épices. Bien fouetter. Former les galettes sur une poêle chaude et huilée. Les faire dorer de chaque coté à feu moyen. Servir avec une salade.',NULL,(SELECT id FROM recipe_subcategory WHERE label = 'Végétarien')),
    ('Camembert pané',8,'Couper le camembert en morceaux et les paner. Les faire frire. Servir avec une salade composée.',NULL,(SELECT id FROM recipe_subcategory WHERE label = 'Végétarien')),
    ('Arancini',4,'Placer l’oignon émincé dans l’huile d’olive dans une casserole à feu moyen. Ajouter le riz. Dans une autre casserole placer l’eau avec les cubes or. Cuire le riz comme un risotto. Ajouter le parmesan en fin de cuisson. Débarrasser le riz dans un plat et le placer au moins 2h au frais. Former des boules et les garnir. Tremper les arancinis dans un mélange farine + eau puis dans la chapelure. Faire cuire dans l’huile à 170°C pendant 8/10 minutes.',NULL,(SELECT id FROM recipe_subcategory WHERE label = 'Végétarien')),
    ('Soupe de butternut',4,'Faire revenir l’échalote avec le beurre. Ajouter le butternut en cube. Recouvrir d’eau et assaisonner. Laisser cuire 30 minutes. Mixer la préparation puis ajouter la crème fraîche. Servir avec des lardons, un œuf mollet et du pain grillé.',NULL,(SELECT id FROM recipe_subcategory WHERE label = 'Végétarien')),
    ('Maïs rôti',2,'Préparer la marinade. Déposer les épis de maïs sur une plaque allant au four. Les badigeonner de la marinade. Enfourner à 180 degrés pendant 20 minutes.',NULL,(SELECT id FROM recipe_subcategory WHERE label = 'Végétarien')),
    ('Pâtes aux poivrons',2,'Faire cuire les poivrons avec l’échalote et un peu d’eau. Mixer les poivrons avec le yaourt et le St Moret. Mélanger la sauce aux pâtes et servir surmonté d’une burrata.','https://i.ibb.co/0rzwxtL/P1000363.jpg',(SELECT id FROM recipe_subcategory WHERE label = 'Pâtes')),
    ('Pâtes aux tomates séchées',2,'Faire revenir l’oignon et l’ail avec un peu d’huile des tomates séchées. Ajouter les tomates séchées coupées en lamelles puis la ricotta. Ajuster la texture avec l’eau de cuisson des pâtes. Mélanger la sauce avec les pâtes cuites et servir avec du parmesan.','https://ibb.co/Vc0Y359K',(SELECT id FROM recipe_subcategory WHERE label = 'Pâtes')),
    ('Pâtes à la fêta',2,'Placer les tomates cerises, la fêta et les morceaux de courgettes dans un plat allant au four. Parsemer d’herbes de Provence et arroser d’huile d’olive. Cuire 20 minutes à 200°C. Mélanger avec les pâtes cuites.',NULL,(SELECT id FROM recipe_subcategory WHERE label = 'Pâtes')),
    ('Pâtes au chorizo',2,'Faire revenir les poivrons dans une poêle. Ajouter la sauce tomate, l’eau, le chorizo et les épices. Mélanger avec les pâtes cuites et servir.',NULL,(SELECT id FROM recipe_subcategory WHERE label = 'Pâtes')),
    ('Lasagnes', 4, 'Faire revenir l’oignon dans un peu d’huile d’olive. Une fois translucide, ajouter la viande hachée et la sauce tomate. Faire cuire au moins 10 minutes. Préparer la béchamel en faisant fondre le beurre dans une casserole. Une fois qu’il bout, ajouter la farine hors du feu et mélanger. Remettre sur le feu et incorporer le lait progressivement tout en fouettant énergiquement. Une fois tout le lait incorporé et le mélange épaissi, retirer du feu. Dresser les lasagnes dans un plat rectangulaire allant au four en alternant couche de pâte, préparation à la viande et béchamel. Terminer par une couche de béchamel et parsemer le plat de fromage râpé. Enfourner environ 25 minutes à 180 degrés.', 'lasagnes.jpg', (SELECT id FROM recipe_subcategory WHERE label = 'Viande')),
    ('Chili con carne', 2, 'Émincer l’oignon. Le faire revenir dans une casserole huilée. Ajouter la viande hachée, puis une fois dorée, verser la sauce tomate. Assaisonner à l’aide du Garam Masala, curcuma et paprika, puis terminer en ajoutant le maïs et les haricots rouges. Faire frémir au moins 20 minutes. Servir avec du riz.', 'chili.jpg', (SELECT id FROM recipe_subcategory WHERE label = 'Viande')),
    ('Butter chicken', 2, 'Commencer par faire mariner le poulet avec l’ail, yaourt, citron, Garam Masala, cumin, paprika et gingembre, puis réserver. Dans une poêle, faire cuire l’oignon et l’ail avec les tomates. Ajouter un verre d’eau et les épices. Laisser mijoter 15 minutes. Ajouter le beurre et le poulet. Servir avec du riz.', 'butter_chicken.jpg', (SELECT id FROM recipe_subcategory WHERE label = 'Viande')),
    ('Poulet aux olives', 2, 'Couper le poulet et le mettre dans un bol avec l’oignon râpé, les épices, le persil et l’huile d’olive. Laisser reposer 30 minutes au frais. Faire revenir l’oignon ciselé et l’ail dans une casserole à feu doux. Ajouter le poulet et un peu d’eau. Ajouter les pommes de terre et couvrir d’eau à hauteur. Laisser cuire 40 minutes à couvert. Ajouter les olives et servir.', 'poulet_olives.jpg', (SELECT id FROM recipe_subcategory WHERE label = 'Viande')),
    ('Empanadas', 15, 'Pour la pâte : Mélanger les ingrédients secs (farine, sel et sucre). Ajouter le beurre en cubes et mélanger jusqu’à obtention d’une texture sableuse. Incorporer ensuite l’eau et le jaune d’œuf. Mélanger jusqu’à obtention d’une pâte homogène. Filmer et réserver au frais 1h. Pour la garniture : faire revenir tous les ingrédients dans une poêle. Découper des cercles de pâte, garnir, refermer et dorer. Faire cuire 25 à 30 minutes à 200 degrés.', 'https://ibb.co/vxvkt8Rm', (SELECT id FROM recipe_subcategory WHERE label = 'Viande')),
    ('Bœuf bourguignon', 4, 'Faire fondre le beurre avec l’huile dans une poêle. Faire revenir l’oignon et la carotte coupés en morceaux et saupoudrer de farine. Une fois la farine dorée, verser le vin rouge et un peu d’eau pour déglacer. Dans une cocotte, faire dorer la viande et ajouter la sauce. Couvrir et laisser frémir 2h. Ajouter le bouquet garni et laisser cuire 1h supplémentaire.', 'boeuf_bourguignon.jpg', (SELECT id FROM recipe_subcategory WHERE label = 'Viande')),
    ('Blanquette de veau', 4, 'Faire revenir la viande avec les échalotes dans un peu de beurre. Ajouter le vin blanc, le cub or et 3 verres d’eau. Incorporer les carottes et champignons. Saupoudrer de farine, mélanger et ajouter le bouquet garni. Laisser mijoter 2h à couvert. En fin de cuisson, découvrir et ajouter la crème. Bien mélanger et servir.', 'blanquette.jpg', (SELECT id FROM recipe_subcategory WHERE label = 'Viande')),
    ('Poulet Basquaise', 4, 'Tailler les poivrons et les oignons. Dans une casserole, verser la graisse de canard, les poivrons, les oignons et l’ail. Ajouter les piments doux et la sauce tomate. Assaisonner avec le piment d’Espelette, sel et poivre. Ajouter le poulet doré à part et laisser mijoter 45 minutes. Servir avec du riz.', 'https://ibb.co/mVxcLhFL', (SELECT id FROM recipe_subcategory WHERE label = 'Viande')),
    ('Tourte à la viande', 8, 'Faire revenir l’échalote à la poêle dans un peu d’huile. Ajouter les viandes, carottes et champignons. Hors du feu, ajouter ricotta et persil. Piquer la pâte puis garnir la tourte. Dorer et enfourner 30 minutes à 170 degrés. Servir avec pommes de terre rôties et confit d’oignon.', 'tourte_viande.jpg', (SELECT id FROM recipe_subcategory WHERE label = 'Viande')),
    ('Hachis Parmentier', 4, 'Préparer la purée. Émincer oignons et ail, les faire revenir avec beurre et huile. Ajouter la viande et cuire. Verser le fond de veau et herbes aromatiques. Placer la viande dans un plat, recouvrir de purée et parsemer de chapelure. Gratiner 10 minutes au four.', 'hachis_parmentier.jpg', (SELECT id FROM recipe_subcategory WHERE label = 'Viande')),
    ('Rougail saucisse', 2, 'Faire revenir l’oignon dans un peu d’huile. Ajouter les bouts de saucisses coupées en morceaux puis la sauce tomate. Assaisonner avec des épices et/ou du piment. Laisser mijoter 15 minutes. Servir avec du riz.', 'https://i.ibb.co/98mv7BM/P1000157.jpg', (SELECT id FROM recipe_subcategory WHERE label = 'Viande')),
    ('Saumon teriyaki',2,'Préparer la marinade en mélangeant sauce soja, mirin, cassonade, gingembre et ail. Porter à ébullition puis déposer sur les pavés de saumon et laisser mariner 1h. Cuire avec la marinade et servir avec du riz, parsemer de graines de sésame.',NULL,(SELECT id FROM recipe_subcategory WHERE label = 'Poisson')),
    ('Poisson à la provençale',2,'Placer les filets de poisson dans un plat allant au four. Ajouter les olives et la tomate en rondelles. Parsemer d’herbes de Provence, arroser d’huile d’olive et cuire 20 min à 180°C.',NULL,(SELECT id FROM recipe_subcategory WHERE label = 'Poisson')),
    ('Bûche de saumon',8,'Mélanger le saumon avec du jus de citron et de l’aneth. Mélanger le fromage avec sel et poivre. Dans un moule filmé, alterner saumon fumé, pain de mie, fromage et saumon mariné. Réserver 3h au frais. Décorer d’aneth et de citron.',NULL,(SELECT id FROM recipe_subcategory WHERE label = 'Poisson')),
    ('Fish & chips',4,'Mélanger maïzena, farine, levure, cumin, sucre, sel, poivre et eau gazeuse. Fariner les filets de poisson, les tremper dans la préparation et les frire quelques minutes. Servir avec frites et sauce tartare.','https://i.ibb.co/XLvDQXL/P1000086.jpg',(SELECT id FROM recipe_subcategory WHERE label = 'Poisson')),
    ('Poisson en croûte de chorizo',2,'Mixer le chorizo avec le parmesan. Recouvrir les filets de poisson de la préparation et cuire 30 min à 200°C.',NULL,(SELECT id FROM recipe_subcategory WHERE label = 'Poisson')),
    ('Pizza Québécoise',1,'Mettre la crème fraîche en base. Ajouter le fromage, le bacon, les noix de pécan et les cranberries. Arroser de sirop d’érable avant d’enfourner.',NULL,(SELECT id FROM recipe_subcategory WHERE label='Pizza')),
    ('Sandwich Raclette',1,'Sandwich composé de fromage à raclette, cornichons et jambon de parme.','https://i.ibb.co/cTYds0X/1704035758842.jpg',(SELECT id FROM recipe_subcategory WHERE label = 'Sandwich')),
    ('Sandwich brie / lard',1,'Sandwich composé de brie ou reblochon, lard fumé cuit, oignon frit, épinards frais et sauce tartare.','https://i.ibb.co/WsC99NQ/1704036446446.jpg',(SELECT id FROM recipe_subcategory WHERE label = 'Sandwich')),
    ('Brochettes bœuf fromage', 20, 'Mélanger tous les ingrédients pour préparer la marinade. Découper le fromage en rectangles épais. Les enrouler d’une tranche de carpaccio. Les placer dans une poêle avec la sauce et arroser en cours de cuisson.', 'https://i.ibb.co/PZzkQFz/P1000055.jpg', (SELECT id FROM recipe_subcategory WHERE label = 'Asiatique')),
    ('Banh Bao', 8, 'Préparer la pâte avec les farines, levures, sucre, eau et huile. Laisser lever, former des disques et garnir de farce (viande hachée, champignons, sauces, carotte, cébette, œuf dur). Déposer sur papier sulfurisé et cuire à la vapeur 15 min.', 'https://i.ibb.co/hyqhw3H/P1000354.jpg', (SELECT id FROM recipe_subcategory WHERE label = 'Asiatique')),
    ('Nouilles sautées', 2, 'Cuire les nouilles et les rincer. Faire revenir les légumes dans l’huile de sésame, ajouter la viande puis les nouilles. Terminer avec les sauces.', 'https://i.ibb.co/0rzwxtL/P1000363.jpg', (SELECT id FROM recipe_subcategory WHERE label = 'Asiatique')),
    ('Udon crémeuses', 2, 'Faire revenir ail, oignon, champignons, poivron et brocolis dans un wok. Ajouter sauces, nouilles Udon cuites et crème. Bien mélanger et servir.', 'https://ibb.co/xtNVrwb2', (SELECT id FROM recipe_subcategory WHERE label = 'Asiatique')),
    ('Porc glacé', 2, 'Mariner la poitrine de porc avec sauces, miel, vin chinois et épices. Cuire au four 12 min de chaque côté. Réduire la marinade en sauce et napper le porc.', 'https://ibb.co/hJztJXdD', (SELECT id FROM recipe_subcategory WHERE label = 'Asiatique')),
    ('Pâtes fraiches', 2, 'Former une pâte avec farine et œufs. Filmer et réserver entre 30 min et 1h au frais. Former les pâtes souhaitées, les laisser sécher 30 min puis cuire 3 min dans l’eau bouillante.', 'https://ibb.co/RVRTR96', (SELECT id FROM recipe_subcategory WHERE label = 'Bases salées')),
    ('Pâtes fraiches tomate', 2, 'Former une pâte avec farine, œufs et concentré de tomate. Filmer et réserver entre 30 min et 1h au frais. Former les pâtes, sécher 30 min puis cuire 3 min dans l’eau bouillante.', 'https://ibb.co/Vc0Y359K', (SELECT id FROM recipe_subcategory WHERE label = 'Bases salées')),
    ('Pâtes fraiches épinards', 2, 'Faire cuire les épinards. Mixer avec l’œuf puis mélanger à la farine. Former les pâtes et cuire à l’eau bouillante.', 'https://ibb.co/q0w8s7W/P1000605.jpg', (SELECT id FROM recipe_subcategory WHERE label = 'Bases salées')),
    ('Gnocchis', 4, 'Cuire les pommes de terre puis les réduire en purée. Mélanger avec farine et jaunes d’œufs. Former des petites boules, les marquer à la fourchette et cuire jusqu’à remontée à la surface.', 'gnocchis.jpg', (SELECT id FROM recipe_subcategory WHERE label = 'Bases salées')),
    ('Pâte à tarte healthy', 1, 'Mélanger farine, fromage blanc, huile d’olive et origan. Filmer au contact et réserver au frais au moins 1h. Utiliser pour tartes fines ou mini tartes.', 'https://i.ibb.co/sRdy8d6/1704035758821.jpg', (SELECT id FROM recipe_subcategory WHERE label = 'Bases salées')),
    ('Naans', 4, 'Préparer une pâte avec farine, yaourt, levure, eau et sel. Laisser reposer puis cuire les galettes à la poêle. Variante possible avec garniture (fromage, ail, herbes).', 'naans.jpg', (SELECT id FROM recipe_subcategory WHERE label = 'Bases salées')),
    ('Bretzels', 6, 'Mélanger farine, levure, lait, eau, beurre et sel. Laisser lever 1h30. Former les bretzels, les pocher dans le bicarbonate puis les cuire au four 10 min à 230°C.', 'bretzels.jpg', (SELECT id FROM recipe_subcategory WHERE label = 'Bases salées')),
    ('Kesra', 1, 'Mélanger semoule et huile. Laisser reposer 15 min. Ajouter sel et eau pour obtenir une pâte homogène. Étaler en galette et cuire sur crêpière jusqu’à doré.', 'https://i.ibb.co/1K0g0XL/pate.jpg', (SELECT id FROM recipe_subcategory WHERE label = 'Bases salées')),
    ('Béchamel', 4, 'Faire fondre le beurre dans une casserole. Hors du feu ajouter la farine et fouetter. Remettre sur le feu et ajouter le lait progressivement tout en remuant, jusqu’à épaississement. Assaisonner à sa guise.', 'https://i.ibb.co/1rzSytV/sauce.jpg', (SELECT id FROM recipe_subcategory WHERE label = 'Condiments')),
    ('Sauce échalotes vinaigre', 2, 'Faire revenir les échalotes dans un peu d’huile. Ajouter le vinaigre, l’eau puis le miel. Faire cuire 15-20 min à couvert. Servir avec magret de canard ou bœuf.', 'sauce-echalotes-vinaigre.jpg', (SELECT id FROM recipe_subcategory WHERE label = 'Condiments')),
    ('Sauce aux champignons', 3, 'Faire revenir l’oignon et le beurre, ajouter l’ail et les champignons. Incorporer ketchup, sauces soja, huitre, Hoisin, cub or, vinaigre. Diluer fécule dans eau et ajouter. Cuire 5 min. Servir avec viande et nouilles.', 'sauce-champignons.jpg', (SELECT id FROM recipe_subcategory WHERE label = 'Condiments')),
    ('Pickles', 1, 'Couper les légumes finement. Faire bouillir l’eau. Placer légumes dans le bocal, ajouter eau, vinaigre et sucre. Fermer et réfrigérer au moins une nuit. Déguster le lendemain.', 'pickles.jpg', (SELECT id FROM recipe_subcategory WHERE label = 'Condiments'));

-- Insertion des ingrédients par recette
INSERT INTO recipe_ingredient (id_recipe, id_ingredient, quantity) VALUES
    (1, (SELECT id FROM ingredient WHERE label = 'Farine'), '200g'),
    (1, (SELECT id FROM ingredient WHERE label = 'Œufs'), '3'),
    (1, (SELECT id FROM ingredient WHERE label = 'Lait'), '10cl'),
    (1, (SELECT id FROM ingredient WHERE label = 'Huile d''olive'), '8cl'),
    (1, (SELECT id FROM ingredient WHERE label = 'Lardons'), '100g'),
    (1, (SELECT id FROM ingredient WHERE label = 'Olives vertes'), '60g'),
    (1, (SELECT id FROM ingredient WHERE label = 'Gruyère râpé'), '100g'),
    (2, (SELECT id FROM ingredient WHERE label = 'Farine'), '150g'),
    (2, (SELECT id FROM ingredient WHERE label = 'Beurre ramolli'), '100g'),
    (2, (SELECT id FROM ingredient WHERE label = 'Fromage râpé'), '100g'),
    (2, (SELECT id FROM ingredient WHERE label = 'Œuf'), '1'),
    (2, (SELECT id FROM ingredient WHERE label = 'Paprika'), '1 c. à café'),
    (2, (SELECT id FROM ingredient WHERE label = 'Sel'), '1 pincée'),
    (3, (SELECT id FROM ingredient WHERE label = 'Fêta'), '200g'),
    (3, (SELECT id FROM ingredient WHERE label = 'Yaourt grec'), '100g'),
    (3, (SELECT id FROM ingredient WHERE label = 'Poivron rouge'), '1'),
    (3, (SELECT id FROM ingredient WHERE label = 'Ail'), '1 gousse'),
    (3, (SELECT id FROM ingredient WHERE label = 'Huile d''olive'), '2 c. à soupe'),
    (3, (SELECT id FROM ingredient WHERE label = 'Citron vert'), 'Jus d''un demi citron'),
    (3, (SELECT id FROM ingredient WHERE label = 'Paprika'), '1 pincée'),
    ((SELECT id FROM recipe WHERE title='Tarte fine'), (SELECT id FROM ingredient WHERE label='Pâte à tarte'), '1 pâte'),
    ((SELECT id FROM recipe WHERE title='Tarte fine'), (SELECT id FROM ingredient WHERE label='Pesto'), '3 cuillères à soupe'),
    ((SELECT id FROM recipe WHERE title='Tarte fine'), (SELECT id FROM ingredient WHERE label='Tomates cerises'), '1 barquette'),
    ((SELECT id FROM recipe WHERE title='Tarte fine'), (SELECT id FROM ingredient WHERE label='Courgette'), '1 grosse'),
    ((SELECT id FROM recipe WHERE title='Tarte fine'), (SELECT id FROM ingredient WHERE label='Herbes de Provence'), 'QS'),
    ((SELECT id FROM recipe WHERE title='Risotto'), (SELECT id FROM ingredient WHERE label='Riz Arborio'), '200g'),
    ((SELECT id FROM recipe WHERE title='Risotto'), (SELECT id FROM ingredient WHERE label='Oignon'), '1'),
    ((SELECT id FROM recipe WHERE title='Risotto'), (SELECT id FROM ingredient WHERE label='Bouillon'), '1L'),
    ((SELECT id FROM recipe WHERE title='Risotto'), (SELECT id FROM ingredient WHERE label='Vin blanc'), '10cL'),
    ((SELECT id FROM recipe WHERE title='Risotto'), (SELECT id FROM ingredient WHERE label='Parmesan râpé'), '50g'),
    ((SELECT id FROM recipe WHERE title='Risotto'), (SELECT id FROM ingredient WHERE label='Olives vertes'), 'QS'),
    ((SELECT id FROM recipe WHERE title='Risotto'), (SELECT id FROM ingredient WHERE label='Champignons'), 'QS'),
    ((SELECT id FROM recipe WHERE title='Gaufres de patate douce'), (SELECT id FROM ingredient WHERE label='Purée de patate douce'), '420g'),
    ((SELECT id FROM recipe WHERE title='Gaufres de patate douce'), (SELECT id FROM ingredient WHERE label='Farine'), '100g'),
    ((SELECT id FROM recipe WHERE title='Gaufres de patate douce'), (SELECT id FROM ingredient WHERE label='Levure chimique'), '6g'),
    ((SELECT id FROM recipe WHERE title='Gaufres de patate douce'), (SELECT id FROM ingredient WHERE label='Œufs'), '2'),
    ((SELECT id FROM recipe WHERE title='Gaufres de patate douce'), (SELECT id FROM ingredient WHERE label='Yaourt grec'), '150g'),
    ((SELECT id FROM recipe WHERE title='Gaufres de patate douce'), (SELECT id FROM ingredient WHERE label='Tranches de saumon fumé'), 'QS'),
    ((SELECT id FROM recipe WHERE title='Gaufres de patate douce'), (SELECT id FROM ingredient WHERE label='Œufs'), '1 par personne'),
    ((SELECT id FROM recipe WHERE title='Gaufres de patate douce'), (SELECT id FROM ingredient WHERE label='Ciboulette'), 'QS'),
    ((SELECT id FROM recipe WHERE title='Gaufres de patate douce'), (SELECT id FROM ingredient WHERE label='Citron'), '1'),
    ((SELECT id FROM recipe WHERE title='Gaufres de l’espace'), (SELECT id FROM ingredient WHERE label='Épinards frais'), '200g'),
    ((SELECT id FROM recipe WHERE title='Gaufres de l’espace'), (SELECT id FROM ingredient WHERE label='Farine'), '200g'),
    ((SELECT id FROM recipe WHERE title='Gaufres de l’espace'), (SELECT id FROM ingredient WHERE label='Levure chimique'), '1 sachet'),
    ((SELECT id FROM recipe WHERE title='Gaufres de l’espace'), (SELECT id FROM ingredient WHERE label='Lait'), '200ml'),
    ((SELECT id FROM recipe WHERE title='Gaufres de l’espace'), (SELECT id FROM ingredient WHERE label='Œufs'), '1'),
    ((SELECT id FROM recipe WHERE title='Pancakes de pomme de terre'), (SELECT id FROM ingredient WHERE label='Pommes de terre'), '4 moyennes'),
    ((SELECT id FROM recipe WHERE title='Pancakes de pomme de terre'), (SELECT id FROM ingredient WHERE label='Farine'), '3 cuillères à soupe'),
    ((SELECT id FROM recipe WHERE title='Pancakes de pomme de terre'), (SELECT id FROM ingredient WHERE label='Comté'), '1 morceau'),
    ((SELECT id FROM recipe WHERE title='Dahl'), (SELECT id FROM ingredient WHERE label='Lentilles vertes'), '100g'),
    ((SELECT id FROM recipe WHERE title='Dahl'), (SELECT id FROM ingredient WHERE label='Carottes'), '1 ou 2'),
    ((SELECT id FROM recipe WHERE title='Dahl'), (SELECT id FROM ingredient WHERE label='Oignon'), '1'),
    ((SELECT id FROM recipe WHERE title='Dahl'), (SELECT id FROM ingredient WHERE label='Ail'), '1 gousse'),
    ((SELECT id FROM recipe WHERE title='Dahl'), (SELECT id FROM ingredient WHERE label='Lait de coco'), '1 brique'),
    ((SELECT id FROM recipe WHERE title='Dahl'), (SELECT id FROM ingredient WHERE label='Cumin'), '1 cuillère à café'),
    ((SELECT id FROM recipe WHERE title='Dahl'), (SELECT id FROM ingredient WHERE label='Garam Masala'), '1 cuillère à café'),
    ((SELECT id FROM recipe WHERE title='Dahl'), (SELECT id FROM ingredient WHERE label='Gingembre en poudre'), '½ cuillère à café'),
    ((SELECT id FROM recipe WHERE title='Dahl'), (SELECT id FROM ingredient WHERE label='Curry'), '1 cuillère à café'),
    ((SELECT id FROM recipe WHERE title='Dahl'), (SELECT id FROM ingredient WHERE label='Concentré de tomates'), '1 cuillère à soupe'),
    ((SELECT id FROM recipe WHERE title='Carottes pesto'), (SELECT id FROM ingredient WHERE label='Carottes'), '5 ou 6'),
    ((SELECT id FROM recipe WHERE title='Carottes pesto'), (SELECT id FROM ingredient WHERE label='Pesto'), '½ pot'),
    ((SELECT id FROM recipe WHERE title='Omelette St Moret'), (SELECT id FROM ingredient WHERE label='Œufs'), '5 ou 6'),
    ((SELECT id FROM recipe WHERE title='Omelette St Moret'), (SELECT id FROM ingredient WHERE label='St Moret'), '1 boîte'),
    ((SELECT id FROM recipe WHERE title='Omelette St Moret'), (SELECT id FROM ingredient WHERE label='Tomate cœur de bœuf'), '1'),
    ((SELECT id FROM recipe WHERE title='Omelette St Moret'), (SELECT id FROM ingredient WHERE label='Oignon frais'), '2 tiges'),
    ((SELECT id FROM recipe WHERE title='Stick de Polenta'), (SELECT id FROM ingredient WHERE label='Eau'), '600 mL'),
    ((SELECT id FROM recipe WHERE title='Stick de Polenta'), (SELECT id FROM ingredient WHERE label='Semoule pour polenta'), '250g'),
    ((SELECT id FROM recipe WHERE title='Stick de Polenta'), (SELECT id FROM ingredient WHERE label='Cub or'), '1'),
    ((SELECT id FROM recipe WHERE title='Stick de Polenta'), (SELECT id FROM ingredient WHERE label='Gros sel'), 'QS'),
    ((SELECT id FROM recipe WHERE title='Croques à l’ancienne'), (SELECT id FROM ingredient WHERE label='Pain de campagne'), '8 tranches'),
    ((SELECT id FROM recipe WHERE title='Croques à l’ancienne'), (SELECT id FROM ingredient WHERE label='Pesto'), '½ pot'),
    ((SELECT id FROM recipe WHERE title='Croques à l’ancienne'), (SELECT id FROM ingredient WHERE label='Tomate cœur de bœuf'), '1'),
    ((SELECT id FROM recipe WHERE title='Croques à l’ancienne'), (SELECT id FROM ingredient WHERE label='Mozzarella'), '1'),
    ((SELECT id FROM recipe WHERE title='Croques à l’ancienne'), (SELECT id FROM ingredient WHERE label='Huile d''olive'), 'QS'),
    ((SELECT id FROM recipe WHERE title='Falafels'), (SELECT id FROM ingredient WHERE label='Pois chiche cru'), '250g'),
    ((SELECT id FROM recipe WHERE title='Falafels'), (SELECT id FROM ingredient WHERE label='Ail'), '2 gousses'),
    ((SELECT id FROM recipe WHERE title='Falafels'), (SELECT id FROM ingredient WHERE label='Oignon'), '½'),
    ((SELECT id FROM recipe WHERE title='Falafels'), (SELECT id FROM ingredient WHERE label='Feuilles de menthe'), 'QS'),
    ((SELECT id FROM recipe WHERE title='Falafels'), (SELECT id FROM ingredient WHERE label='Persil'), 'QS'),
    ((SELECT id FROM recipe WHERE title='Falafels'), (SELECT id FROM ingredient WHERE label='Graine de sésame'), '1 cuillère à soupe'),
    ((SELECT id FROM recipe WHERE title='Falafels'), (SELECT id FROM ingredient WHERE label='Épices au choix'), 'QS'),
    ((SELECT id FROM recipe WHERE title='Falafels'), (SELECT id FROM ingredient WHERE label='Farine'), '2 cuillères à soupe'),
    ((SELECT id FROM recipe WHERE title='Galette maïs'), (SELECT id FROM ingredient WHERE label='Maïs en boîte'), '1 grosse boîte'),
    ((SELECT id FROM recipe WHERE title='Galette maïs'), (SELECT id FROM ingredient WHERE label='Œufs'), '2'),
    ((SELECT id FROM recipe WHERE title='Galette maïs'), (SELECT id FROM ingredient WHERE label='Farine'), '100g'),
    ((SELECT id FROM recipe WHERE title='Galette maïs'), (SELECT id FROM ingredient WHERE label='Fromage râpé'), '2 poignées'),
    ((SELECT id FROM recipe WHERE title='Poutine'), (SELECT id FROM ingredient WHERE label='Pommes de terre'), '800g'),
    ((SELECT id FROM recipe WHERE title='Poutine'), (SELECT id FROM ingredient WHERE label='Poudre à poutine'), '1 sachet'),
    ((SELECT id FROM recipe WHERE title='Poutine'), (SELECT id FROM ingredient WHERE label='Mozzarella'), '1'),
    ((SELECT id FROM recipe WHERE title='Poutine'), (SELECT id FROM ingredient WHERE label='Bacon'), 'Quelques tranches'),
    ((SELECT id FROM recipe WHERE title = 'Tortilla'), (SELECT id FROM ingredient WHERE label = 'Œufs'), '4 ou 5'),
    ((SELECT id FROM recipe WHERE title = 'Tortilla'), (SELECT id FROM ingredient WHERE label = 'Pommes de terre'), '3 grosses'),
    ((SELECT id FROM recipe WHERE title = 'Tortilla'), (SELECT id FROM ingredient WHERE label = 'Oignon'), '1'),
    ((SELECT id FROM recipe WHERE title = 'Tortilla'), (SELECT id FROM ingredient WHERE label = 'Ail'), '1 gousse'),
    ((SELECT id FROM recipe WHERE title = 'Tortilla'), (SELECT id FROM ingredient WHERE label = 'Huile d''olive'), 'QS'),
    ((SELECT id FROM recipe WHERE title = 'Tortilla'), (SELECT id FROM ingredient WHERE label = 'Sel'), 'QS'),
    ((SELECT id FROM recipe WHERE title = 'Tortilla'), (SELECT id FROM ingredient WHERE label = 'Poivre'), 'QS'),
    ((SELECT id FROM recipe WHERE title = 'Galette Quinoa'), (SELECT id FROM ingredient WHERE label = 'Quinoa'), '75g'),
    ((SELECT id FROM recipe WHERE title = 'Galette Quinoa'), (SELECT id FROM ingredient WHERE label = 'Œuf'), '1'),
    ((SELECT id FROM recipe WHERE title = 'Galette Quinoa'), (SELECT id FROM ingredient WHERE label = 'Farine'), '1 cuillère à soupe'),
    ((SELECT id FROM recipe WHERE title = 'Galette Quinoa'), (SELECT id FROM ingredient WHERE label = 'Parmesan râpé'), '50g'),
    ((SELECT id FROM recipe WHERE title = 'Galette Quinoa'), (SELECT id FROM ingredient WHERE label = 'Échalote'), '1'),
    ((SELECT id FROM recipe WHERE title = 'Galette Quinoa'), (SELECT id FROM ingredient WHERE label = 'Paprika'), 'QS'),
    ((SELECT id FROM recipe WHERE title = 'Galette Quinoa'), (SELECT id FROM ingredient WHERE label = 'Ciboulette'), 'QS'),
    ((SELECT id FROM recipe WHERE title = 'Camembert pané'), (SELECT id FROM ingredient WHERE label = 'Camembert'), '1'),
    ((SELECT id FROM recipe WHERE title = 'Camembert pané'), (SELECT id FROM ingredient WHERE label = 'Œuf'), '1'),
    ((SELECT id FROM recipe WHERE title = 'Camembert pané'), (SELECT id FROM ingredient WHERE label = 'Farine'), '2 cuillères à soupe'),
    ((SELECT id FROM recipe WHERE title = 'Camembert pané'), (SELECT id FROM ingredient WHERE label = 'Chapelure'), 'QS'),
    ((SELECT id FROM recipe WHERE title = 'Camembert pané'), (SELECT id FROM ingredient WHERE label = 'Huile de friture'), 'QS'),
    ((SELECT id FROM recipe WHERE title = 'Arancini'), (SELECT id FROM ingredient WHERE label = 'Riz Arborio'), '300g'),
    ((SELECT id FROM recipe WHERE title = 'Arancini'), (SELECT id FROM ingredient WHERE label = 'Eau'), '900g'),
    ((SELECT id FROM recipe WHERE title = 'Arancini'), (SELECT id FROM ingredient WHERE label = 'Cube Or'), '2'),
    ((SELECT id FROM recipe WHERE title = 'Arancini'), (SELECT id FROM ingredient WHERE label = 'Parmesan'), '70g'),
    ((SELECT id FROM recipe WHERE title = 'Arancini'), (SELECT id FROM ingredient WHERE label = 'Oignon'), '1'),
    ((SELECT id FROM recipe WHERE title = 'Arancini'), (SELECT id FROM ingredient WHERE label = 'Huile d''olive'), 'QS'),
    ((SELECT id FROM recipe WHERE title = 'Arancini'), (SELECT id FROM ingredient WHERE label = 'Curcuma'), 'QS'),
    ((SELECT id FROM recipe WHERE title = 'Arancini'), (SELECT id FROM ingredient WHERE label = 'Mozzarella'), '100g'),
    ((SELECT id FROM recipe WHERE title = 'Arancini'), (SELECT id FROM ingredient WHERE label = 'Petits pois'), '100g'),
    ((SELECT id FROM recipe WHERE title = 'Arancini'), (SELECT id FROM ingredient WHERE label = 'Farine'), '210g'),
    ((SELECT id FROM recipe WHERE title = 'Arancini'), (SELECT id FROM ingredient WHERE label = 'Eau'), '300g (panure)'),
    ((SELECT id FROM recipe WHERE title = 'Arancini'), (SELECT id FROM ingredient WHERE label = 'Chapelure'), 'QS'),
    ((SELECT id FROM recipe WHERE title = 'Soupe de butternut'), (SELECT id FROM ingredient WHERE label = 'Échalote'), '1'),
    ((SELECT id FROM recipe WHERE title = 'Soupe de butternut'), (SELECT id FROM ingredient WHERE label = 'Beurre'), '20g'),
    ((SELECT id FROM recipe WHERE title = 'Soupe de butternut'), (SELECT id FROM ingredient WHERE label = 'Butternut'), '1'),
    ((SELECT id FROM recipe WHERE title = 'Soupe de butternut'), (SELECT id FROM ingredient WHERE label = 'Crème liquide'), '1 boite'),
    ((SELECT id FROM recipe WHERE title = 'Soupe de butternut'), (SELECT id FROM ingredient WHERE label = 'Lardons'), 'QS'),
    ((SELECT id FROM recipe WHERE title = 'Soupe de butternut'), (SELECT id FROM ingredient WHERE label = 'Œuf'), '1 mollet'),
    ((SELECT id FROM recipe WHERE title = 'Soupe de butternut'), (SELECT id FROM ingredient WHERE label = 'Pain'), 'QS grillé'),
    ((SELECT id FROM recipe WHERE title = 'Maïs rôti'), (SELECT id FROM ingredient WHERE label = 'Huile d''olive'), '2 cuillères à soupe'),
    ((SELECT id FROM recipe WHERE title = 'Maïs rôti'), (SELECT id FROM ingredient WHERE label = 'Paprika'), 'QS'),
    ((SELECT id FROM recipe WHERE title = 'Maïs rôti'), (SELECT id FROM ingredient WHERE label = 'Miel'), '1 cuillère à soupe'),
    ((SELECT id FROM recipe WHERE title = 'Maïs rôti'), (SELECT id FROM ingredient WHERE label = 'Maïs'), '2 épis'),
    ((SELECT id FROM recipe WHERE title = 'Quiche sans pâte'), (SELECT id FROM ingredient WHERE label = 'Lait'), '½ litre'),
    ((SELECT id FROM recipe WHERE title = 'Quiche sans pâte'), (SELECT id FROM ingredient WHERE label = 'Crème fraîche épaisse'), '3 cuillères'),
    ((SELECT id FROM recipe WHERE title = 'Quiche sans pâte'), (SELECT id FROM ingredient WHERE label = 'Œufs'), '3'),
    ((SELECT id FROM recipe WHERE title = 'Quiche sans pâte'), (SELECT id FROM ingredient WHERE label = 'Farine'), '100g'),
    ((SELECT id FROM recipe WHERE title = 'Quiche sans pâte'), (SELECT id FROM ingredient WHERE label = 'Sel'), 'QS'),
    ((SELECT id FROM recipe WHERE title = 'Quiche sans pâte'), (SELECT id FROM ingredient WHERE label = 'Poivre'), 'QS'),
    ((SELECT id FROM recipe WHERE title = 'Quiche sans pâte'), (SELECT id FROM ingredient WHERE label = 'Gruyère râpé'), 'QS'),
    ((SELECT id FROM recipe WHERE title = 'Quiche sans pâte'), (SELECT id FROM ingredient WHERE label = 'Garniture au choix'), 'QS'),
    ((SELECT id FROM recipe WHERE title = 'Tarte tatin du soleil'), (SELECT id FROM ingredient WHERE label = 'Courgette'), '1'),
    ((SELECT id FROM recipe WHERE title = 'Tarte tatin du soleil'), (SELECT id FROM ingredient WHERE label = 'Miel'), 'QS'),
    ((SELECT id FROM recipe WHERE title = 'Tarte tatin du soleil'), (SELECT id FROM ingredient WHERE label = 'Tomates cerises'), '1 barquette'),
    ((SELECT id FROM recipe WHERE title = 'Tarte tatin du soleil'), (SELECT id FROM ingredient WHERE label = 'Mozzarella'), '1') ,
    ((SELECT id FROM recipe WHERE title = 'Tarte tatin du soleil'), (SELECT id FROM ingredient WHERE label = 'Fêta'), '1') ,
    ((SELECT id FROM recipe WHERE title = 'Tarte tatin du soleil'), (SELECT id FROM ingredient WHERE label = 'Pâte feuilletée ou pâte à tarte'), '1'),
    ((SELECT id FROM recipe WHERE title = 'Crumble légumes'), (SELECT id FROM ingredient WHERE label = 'Aubergine'), '1'),
    ((SELECT id FROM recipe WHERE title = 'Crumble légumes'), (SELECT id FROM ingredient WHERE label = 'Oignon'), '1'),
    ((SELECT id FROM recipe WHERE title = 'Crumble légumes'), (SELECT id FROM ingredient WHERE label = 'Poivron'), '1'),
    ((SELECT id FROM recipe WHERE title = 'Crumble légumes'), (SELECT id FROM ingredient WHERE label = 'Fêta'), '1 morceau'),
    ((SELECT id FROM recipe WHERE title = 'Crumble légumes'), (SELECT id FROM ingredient WHERE label = 'Huile d''olive'), '2 cuillères à soupe'),
    ((SELECT id FROM recipe WHERE title = 'Crumble légumes'), (SELECT id FROM ingredient WHERE label = 'Farine'), 'QS'),
    ((SELECT id FROM recipe WHERE title = 'Crumble légumes'), (SELECT id FROM ingredient WHERE label = 'Herbes de Provence'), 'QS'),
    ((SELECT id FROM recipe WHERE title = 'Boulettes végétales'), (SELECT id FROM ingredient WHERE label = 'Paprika'), 'QS'),
    ((SELECT id FROM recipe WHERE title = 'Boulettes végétales'), (SELECT id FROM ingredient WHERE label = 'Ail'), 'QS'),
    ((SELECT id FROM recipe WHERE title = 'Boulettes végétales'), (SELECT id FROM ingredient WHERE label = 'Persil'), 'QS'),
    ((SELECT id FROM recipe WHERE title = 'Boulettes végétales'), (SELECT id FROM ingredient WHERE label = 'Maïzena'), '2 cuillères à soupe'),
    ((SELECT id FROM recipe WHERE title = 'Boulettes végétales'), (SELECT id FROM ingredient WHERE label = 'Chapelure'), '2 cuillères à soupe'),
    ((SELECT id FROM recipe WHERE title = 'Boulettes végétales'), (SELECT id FROM ingredient WHERE label = 'Concentré de tomates'), '2 cuillères à café'),((SELECT id FROM recipe WHERE title = 'Pâtes aux poivrons'), (SELECT id FROM ingredient WHERE label = 'Poivron rouge'), '1 ou 2'),
    ((SELECT id FROM recipe WHERE title = 'Pâtes aux poivrons'), (SELECT id FROM ingredient WHERE label = 'Échalote'), '1'),
    ((SELECT id FROM recipe WHERE title = 'Pâtes aux poivrons'), (SELECT id FROM ingredient WHERE label = 'Yaourt grec'), '2 cuillères à soupe'),
    ((SELECT id FROM recipe WHERE title = 'Pâtes aux poivrons'), (SELECT id FROM ingredient WHERE label = 'St Moret'), '1 cuillère à soupe'),
    ((SELECT id FROM recipe WHERE title = 'Pâtes aux poivrons'), (SELECT id FROM ingredient WHERE label = 'Pâtes'), '160g'),
    ((SELECT id FROM recipe WHERE title = 'Pâtes aux poivrons'), (SELECT id FROM ingredient WHERE label = 'Burrata'), '1 (optionnel)'),
    ((SELECT id FROM recipe WHERE title = 'Pâtes aux poivrons'), (SELECT id FROM ingredient WHERE label = 'Lardons'), 'QS (optionnel)'),
    ((SELECT id FROM recipe WHERE title = 'Pâtes aux tomates séchées'), (SELECT id FROM ingredient WHERE label = 'Pâtes'), '200g'),
    ((SELECT id FROM recipe WHERE title = 'Pâtes aux tomates séchées'), (SELECT id FROM ingredient WHERE label = 'Oignon'), '1'),
    ((SELECT id FROM recipe WHERE title = 'Pâtes aux tomates séchées'), (SELECT id FROM ingredient WHERE label = 'Ail'), '1 gousse'),
    ((SELECT id FROM recipe WHERE title = 'Pâtes aux tomates séchées'), (SELECT id FROM ingredient WHERE label = 'Sauce tomate'), '2 cuillères à soupe'),
    ((SELECT id FROM recipe WHERE title = 'Pâtes aux tomates séchées'), (SELECT id FROM ingredient WHERE label = 'Ricotta'), '1 boîte'),
    ((SELECT id FROM recipe WHERE title = 'Pâtes aux tomates séchées'), (SELECT id FROM ingredient WHERE label = 'Tomates séchées'), '1 boîte'),
    ((SELECT id FROM recipe WHERE title = 'Pâtes aux tomates séchées'), (SELECT id FROM ingredient WHERE label = 'Parmesan'), 'QS'),
    ((SELECT id FROM recipe WHERE title = 'Pâtes à la fêta'), (SELECT id FROM ingredient WHERE label = 'Fêta'), '1'),
    ((SELECT id FROM recipe WHERE title = 'Pâtes à la fêta'), (SELECT id FROM ingredient WHERE label = 'Tomates cerises'), '1 barquette'),
    ((SELECT id FROM recipe WHERE title = 'Pâtes à la fêta'), (SELECT id FROM ingredient WHERE label = 'Huile d''olive'), '2 cuillères à soupe'),
    ((SELECT id FROM recipe WHERE title = 'Pâtes à la fêta'), (SELECT id FROM ingredient WHERE label = 'Pâtes'), '200g'),
    ((SELECT id FROM recipe WHERE title = 'Pâtes à la fêta'), (SELECT id FROM ingredient WHERE label = 'Courgette'), '1 (optionnel)'),
    ((SELECT id FROM recipe WHERE title = 'Pâtes à la fêta'), (SELECT id FROM ingredient WHERE label = 'Herbes de Provence'), 'QS'),
    ((SELECT id FROM recipe WHERE title = 'Pâtes au chorizo'), (SELECT id FROM ingredient WHERE label = 'Penne'), '250g'),
    ((SELECT id FROM recipe WHERE title = 'Pâtes au chorizo'), (SELECT id FROM ingredient WHERE label = 'Poivron jaune'), '½'),
    ((SELECT id FROM recipe WHERE title = 'Pâtes au chorizo'), (SELECT id FROM ingredient WHERE label = 'Poivron rouge'), '½'),
    ((SELECT id FROM recipe WHERE title = 'Pâtes au chorizo'), (SELECT id FROM ingredient WHERE label = 'Chorizo'), '150g'),
    ((SELECT id FROM recipe WHERE title = 'Pâtes au chorizo'), (SELECT id FROM ingredient WHERE label = 'Pulpe de tomate'), '400g'),
    ((SELECT id FROM recipe WHERE title = 'Pâtes au chorizo'), (SELECT id FROM ingredient WHERE label = 'Épices'), 'QS'),
    ((SELECT id FROM recipe WHERE title = 'Pâtes au chorizo'), (SELECT id FROM ingredient WHERE label = 'Eau'), '40 cL'),
    ((SELECT id FROM recipe WHERE title = 'Pâtes chorizo / courgettes'), (SELECT id FROM ingredient WHERE label = 'Courgette'), '1'),
    ((SELECT id FROM recipe WHERE title = 'Pâtes chorizo / courgettes'), (SELECT id FROM ingredient WHERE label = 'Chorizo'), '1'),
    ((SELECT id FROM recipe WHERE title = 'Pâtes chorizo / courgettes'), (SELECT id FROM ingredient WHERE label = 'Crème fraîche épaisse'), '2 cuillères à soupe'),
    ((SELECT id FROM recipe WHERE title = 'Pâtes chorizo / courgettes'), (SELECT id FROM ingredient WHERE label = 'Pâtes'), '200g'),-- Lasagnes
    ((SELECT id FROM recipe WHERE title = 'Lasagnes'), (SELECT id FROM ingredient WHERE label = 'Sauce tomate Mutti'), '1 boîte'),
    ((SELECT id FROM recipe WHERE title = 'Lasagnes'), (SELECT id FROM ingredient WHERE label = 'Viande de bœuf hachée'), '250-400g'),
    ((SELECT id FROM recipe WHERE title = 'Lasagnes'), (SELECT id FROM ingredient WHERE label = 'Oignon'), '1'),
    ((SELECT id FROM recipe WHERE title = 'Lasagnes'), (SELECT id FROM ingredient WHERE label = 'Feuilles de pâte à lasagne'), 'QS'),
    ((SELECT id FROM recipe WHERE title = 'Lasagnes'), (SELECT id FROM ingredient WHERE label = 'Fromage râpé'), 'QS'),
    ((SELECT id FROM recipe WHERE title = 'Lasagnes'), (SELECT id FROM ingredient WHERE label = 'Lait'), '500ml'),
    ((SELECT id FROM recipe WHERE title = 'Lasagnes'), (SELECT id FROM ingredient WHERE label = 'Beurre'), '50g'),
    ((SELECT id FROM recipe WHERE title = 'Lasagnes'), (SELECT id FROM ingredient WHERE label = 'Farine'), '50g'),
    ((SELECT id FROM recipe WHERE title = 'Chili con carne'), (SELECT id FROM ingredient WHERE label = 'Oignon'), '1'),
    ((SELECT id FROM recipe WHERE title = 'Chili con carne'), (SELECT id FROM ingredient WHERE label = 'Haricots rouges'), '1 boîte'),
    ((SELECT id FROM recipe WHERE title = 'Chili con carne'), (SELECT id FROM ingredient WHERE label = 'Maïs'), '1 boîte'),
    ((SELECT id FROM recipe WHERE title = 'Chili con carne'), (SELECT id FROM ingredient WHERE label = 'Viande de bœuf hachée'), '250g'),
    ((SELECT id FROM recipe WHERE title = 'Chili con carne'), (SELECT id FROM ingredient WHERE label = 'Sauce tomate Mutti'), '1 boîte'),
    ((SELECT id FROM recipe WHERE title = 'Chili con carne'), (SELECT id FROM ingredient WHERE label = 'Garam Masala'), 'QS'),
    ((SELECT id FROM recipe WHERE title = 'Chili con carne'), (SELECT id FROM ingredient WHERE label = 'Curcuma'), 'QS'),
    ((SELECT id FROM recipe WHERE title = 'Chili con carne'), (SELECT id FROM ingredient WHERE label = 'Paprika'), 'QS'),
    ((SELECT id FROM recipe WHERE title = 'Butter chicken'), (SELECT id FROM ingredient WHERE label = 'Blanc de poulet'), '500g'),
    ((SELECT id FROM recipe WHERE title = 'Butter chicken'), (SELECT id FROM ingredient WHERE label = 'Ail'), '2 gousses'),
    ((SELECT id FROM recipe WHERE title = 'Butter chicken'), (SELECT id FROM ingredient WHERE label = 'Yaourt nature'), '2 pots'),
    ((SELECT id FROM recipe WHERE title = 'Butter chicken'), (SELECT id FROM ingredient WHERE label = 'Citron'), '1'),
    ((SELECT id FROM recipe WHERE title = 'Butter chicken'), (SELECT id FROM ingredient WHERE label = 'Garam Masala'), '2 càc'),
    ((SELECT id FROM recipe WHERE title = 'Butter chicken'), (SELECT id FROM ingredient WHERE label = 'Cumin'), '2 càc'),
    ((SELECT id FROM recipe WHERE title = 'Butter chicken'), (SELECT id FROM ingredient WHERE label = 'Paprika'), '2 càc'),
    ((SELECT id FROM recipe WHERE title = 'Butter chicken'), (SELECT id FROM ingredient WHERE label = 'Gingembre'), '1 càc'),
    ((SELECT id FROM recipe WHERE title = 'Butter chicken'), (SELECT id FROM ingredient WHERE label = 'Oignon'), '1'),
    ((SELECT id FROM recipe WHERE title = 'Butter chicken'), (SELECT id FROM ingredient WHERE label = 'Tomates'), '300g'),
    ((SELECT id FROM recipe WHERE title = 'Butter chicken'), (SELECT id FROM ingredient WHERE label = 'Beurre'), '70g'),
    ((SELECT id FROM recipe WHERE title = 'Poulet aux olives'), (SELECT id FROM ingredient WHERE label = 'Blanc de poulet'), '2 filets'),
    ((SELECT id FROM recipe WHERE title = 'Poulet aux olives'), (SELECT id FROM ingredient WHERE label = 'Oignon'), '2'),
    ((SELECT id FROM recipe WHERE title = 'Poulet aux olives'), (SELECT id FROM ingredient WHERE label = 'Ail'), '1 gousse'),
    ((SELECT id FROM recipe WHERE title = 'Poulet aux olives'), (SELECT id FROM ingredient WHERE label = 'Persil frais'), 'QS'),
    ((SELECT id FROM recipe WHERE title = 'Poulet aux olives'), (SELECT id FROM ingredient WHERE label = 'Pommes de terre'), '5-6'),
    ((SELECT id FROM recipe WHERE title = 'Poulet aux olives'), (SELECT id FROM ingredient WHERE label = 'Olives vertes'), '1 pot'),
    ((SELECT id FROM recipe WHERE title = 'Poulet aux olives'), (SELECT id FROM ingredient WHERE label = 'Curcuma'), 'QS'),
    ((SELECT id FROM recipe WHERE title = 'Poulet aux olives'), (SELECT id FROM ingredient WHERE label = 'Gingembre'), 'QS'),
    ((SELECT id FROM recipe WHERE title = 'Poulet aux olives'), (SELECT id FROM ingredient WHERE label = 'Huile d''olive'), '2 càs'),
    ((SELECT id FROM recipe WHERE title = 'Empanadas'), (SELECT id FROM ingredient WHERE label = 'Sucre'), '15g'),
    ((SELECT id FROM recipe WHERE title = 'Empanadas'), (SELECT id FROM ingredient WHERE label = 'Jaune d’œuf'), '1'),
    ((SELECT id FROM recipe WHERE title = 'Empanadas'), (SELECT id FROM ingredient WHERE label = 'Sel'), '1 càs'),
    ((SELECT id FROM recipe WHERE title = 'Empanadas'), (SELECT id FROM ingredient WHERE label = 'Farine'), '250g'),
    ((SELECT id FROM recipe WHERE title = 'Empanadas'), (SELECT id FROM ingredient WHERE label = 'Beurre'), '125g'),
    ((SELECT id FROM recipe WHERE title = 'Empanadas'), (SELECT id FROM ingredient WHERE label = 'Eau'), '50g'),
    ((SELECT id FROM recipe WHERE title = 'Empanadas'), (SELECT id FROM ingredient WHERE label = 'Viande de bœuf hachée'), '2 steaks'),
    ((SELECT id FROM recipe WHERE title = 'Empanadas'), (SELECT id FROM ingredient WHERE label = 'Olives noires'), 'QS'),
    ((SELECT id FROM recipe WHERE title = 'Empanadas'), (SELECT id FROM ingredient WHERE label = 'Oignon'), '1'),
    ((SELECT id FROM recipe WHERE title = 'Empanadas'), (SELECT id FROM ingredient WHERE label = 'Origan'), 'QS'),
    ((SELECT id FROM recipe WHERE title = 'Empanadas'), (SELECT id FROM ingredient WHERE label = 'Sauce tomate Mutti'), 'QS'),
    ((SELECT id FROM recipe WHERE title = 'Empanadas'), (SELECT id FROM ingredient WHERE label = 'Mozzarella'), 'QS'),
    ((SELECT id FROM recipe WHERE title = 'Bœuf bourguignon'), (SELECT id FROM ingredient WHERE label = 'Viande de bœuf'), '1kg'),
    ((SELECT id FROM recipe WHERE title = 'Bœuf bourguignon'), (SELECT id FROM ingredient WHERE label = 'Beurre'), '50g'),
    ((SELECT id FROM recipe WHERE title = 'Bœuf bourguignon'), (SELECT id FROM ingredient WHERE label = 'Huile d''olive'), '1 càs'),
    ((SELECT id FROM recipe WHERE title = 'Bœuf bourguignon'), (SELECT id FROM ingredient WHERE label = 'Carotte'), '1'),
    ((SELECT id FROM recipe WHERE title = 'Bœuf bourguignon'), (SELECT id FROM ingredient WHERE label = 'Oignon'), '1'),
    ((SELECT id FROM recipe WHERE title = 'Bœuf bourguignon'), (SELECT id FROM ingredient WHERE label = 'Farine'), '2 càs'),
    ((SELECT id FROM recipe WHERE title = 'Bœuf bourguignon'), (SELECT id FROM ingredient WHERE label = 'Vin rouge'), '½ bouteille'),
    ((SELECT id FROM recipe WHERE title = 'Bœuf bourguignon'), (SELECT id FROM ingredient WHERE label = 'Bouquet garni'), '1'),
    ((SELECT id FROM recipe WHERE title = 'Blanquette de veau'), (SELECT id FROM ingredient WHERE label = 'Veau'), '700g'),
    ((SELECT id FROM recipe WHERE title = 'Blanquette de veau'), (SELECT id FROM ingredient WHERE label = 'Carotte'), '1-2'),
    ((SELECT id FROM recipe WHERE title = 'Blanquette de veau'), (SELECT id FROM ingredient WHERE label = 'Champignons'), '300g'),
    ((SELECT id FROM recipe WHERE title = 'Blanquette de veau'), (SELECT id FROM ingredient WHERE label = 'Cube Or'), '1'),
    ((SELECT id FROM recipe WHERE title = 'Blanquette de veau'), (SELECT id FROM ingredient WHERE label = 'Échalote'), '1'),
    ((SELECT id FROM recipe WHERE title = 'Blanquette de veau'), (SELECT id FROM ingredient WHERE label = 'Farine'), '2 càs'),
    ((SELECT id FROM recipe WHERE title = 'Blanquette de veau'), (SELECT id FROM ingredient WHERE label = 'Vin blanc'), '25cl'),
    ((SELECT id FROM recipe WHERE title = 'Blanquette de veau'), (SELECT id FROM ingredient WHERE label = 'Crème liquide'), '16cl'),
    ((SELECT id FROM recipe WHERE title = 'Blanquette de veau'), (SELECT id FROM ingredient WHERE label = 'Bouquet garni'), '1'),
    ((SELECT id FROM recipe WHERE title = 'Poulet Basquaise'), (SELECT id FROM ingredient WHERE label = 'Oignon'), '2'),
    ((SELECT id FROM recipe WHERE title = 'Poulet Basquaise'), (SELECT id FROM ingredient WHERE label = 'Pulpe de tomate'), '800g'),
    ((SELECT id FROM recipe WHERE title = 'Poulet Basquaise'), (SELECT id FROM ingredient WHERE label = 'Poivrons piquillo'), '1 boîte'),
    ((SELECT id FROM recipe WHERE title = 'Poulet Basquaise'), (SELECT id FROM ingredient WHERE label = 'Ail'), '2 gousses'),
    ((SELECT id FROM recipe WHERE title = 'Poulet Basquaise'), (SELECT id FROM ingredient WHERE label = 'Graisse de canard'), '40g'),
    ((SELECT id FROM recipe WHERE title = 'Poulet Basquaise'), (SELECT id FROM ingredient WHERE label = 'Piment d''Espelette'), 'QS'),
    ((SELECT id FROM recipe WHERE title = 'Poulet Basquaise'), (SELECT id FROM ingredient WHERE label = 'Piment doux'), 'QS'),
    ((SELECT id FROM recipe WHERE title = 'Poulet Basquaise'), (SELECT id FROM ingredient WHERE label = 'Hauts de cuisse de poulet'), '4'),
    ((SELECT id FROM recipe WHERE title = 'Poulet Basquaise'), (SELECT id FROM ingredient WHERE label = 'Bouquet garni'), '1'),
    ((SELECT id FROM recipe WHERE title = 'Tourte à la viande'), (SELECT id FROM ingredient WHERE label = 'Viande de bœuf hachée'), '300g'),
    ((SELECT id FROM recipe WHERE title = 'Tourte à la viande'), (SELECT id FROM ingredient WHERE label = 'Viande de porc hachée'), '300g'),
    ((SELECT id FROM recipe WHERE title = 'Tourte à la viande'), (SELECT id FROM ingredient WHERE label = 'Carotte'), '1-2'),
    ((SELECT id FROM recipe WHERE title = 'Tourte à la viande'), (SELECT id FROM ingredient WHERE label = 'Échalote'), '2'),
    ((SELECT id FROM recipe WHERE title = 'Tourte à la viande'), (SELECT id FROM ingredient WHERE label = 'Ricotta'), '100g'),
    ((SELECT id FROM recipe WHERE title = 'Tourte à la viande'), (SELECT id FROM ingredient WHERE label = 'Persil haché'), 'QS'),
    ((SELECT id FROM recipe WHERE title = 'Tourte à la viande'), (SELECT id FROM ingredient WHERE label = 'Pâte feuilletée'), '2 rouleaux'),
    ((SELECT id FROM recipe WHERE title = 'Tourte à la viande'), (SELECT id FROM ingredient WHERE label = 'Champignons'), '300g'),
    ((SELECT id FROM recipe WHERE title = 'Tourte à la viande'), (SELECT id FROM ingredient WHERE label = 'Sel'), 'QS'),
    ((SELECT id FROM recipe WHERE title = 'Tourte à la viande'), (SELECT id FROM ingredient WHERE label = 'Poivre'), 'QS'),
    ((SELECT id FROM recipe WHERE title = 'Tourte à la viande'), (SELECT id FROM ingredient WHERE label = 'Confit d’oignon'), 'QS'),
    ((SELECT id FROM recipe WHERE title = 'Hachis parmentier'), (SELECT id FROM ingredient WHERE label = 'Oignon'), '2'),
    ((SELECT id FROM recipe WHERE title = 'Hachis parmentier'), (SELECT id FROM ingredient WHERE label = 'Ail'), '2 gousses'),
    ((SELECT id FROM recipe WHERE title = 'Hachis parmentier'), (SELECT id FROM ingredient WHERE label = 'Huile d''olive'), '1 càs'),
    ((SELECT id FROM recipe WHERE title = 'Hachis parmentier'), (SELECT id FROM ingredient WHERE label = 'Beurre'), '10g'),
    ((SELECT id FROM recipe WHERE title = 'Hachis parmentier'), (SELECT id FROM ingredient WHERE label = 'Viande de bœuf hachée'), '800g'),
    ((SELECT id FROM recipe WHERE title = 'Hachis parmentier'), (SELECT id FROM ingredient WHERE label = 'Fond de bœuf'), '20cl'),
    ((SELECT id FROM recipe WHERE title = 'Hachis parmentier'), (SELECT id FROM ingredient WHERE label = 'Thym'), 'QS'),
    ((SELECT id FROM recipe WHERE title = 'Hachis parmentier'), (SELECT id FROM ingredient WHERE label = 'Sel'), 'QS'),
    ((SELECT id FROM recipe WHERE title = 'Hachis parmentier'), (SELECT id FROM ingredient WHERE label = 'Poivre'), 'QS'),
    ((SELECT id FROM recipe WHERE title = 'Hachis parmentier'), (SELECT id FROM ingredient WHERE label = 'Chapelure'), '60g'),
    ((SELECT id FROM recipe WHERE title = 'Hachis parmentier'), (SELECT id FROM ingredient WHERE label = 'Pommes de terre'), '1kg'),
    ((SELECT id FROM recipe WHERE title = 'Hachis parmentier'), (SELECT id FROM ingredient WHERE label = 'Lait'), '20cl'),
    ((SELECT id FROM recipe WHERE title = 'Rougail saucisse'),(SELECT id FROM ingredient WHERE label = 'Saucisses de Toulouse'),'4 pièces'),
    ((SELECT id FROM recipe WHERE title = 'Rougail saucisse'),(SELECT id FROM ingredient WHERE label = 'Oignon'),'1'),
    ((SELECT id FROM recipe WHERE title = 'Rougail saucisse'),(SELECT id FROM ingredient WHERE label = 'Sauce tomate Mutti'),'1 boîte'),
    ((SELECT id FROM recipe WHERE title = 'Rougail saucisse'),(SELECT id FROM ingredient WHERE label = 'Epices'),'QS'),
    ((SELECT id FROM recipe WHERE title = 'Rougail saucisse'),(SELECT id FROM ingredient WHERE label = 'Piment'),'1'),
    ((SELECT id FROM recipe WHERE title = 'Rougail saucisse'),(SELECT id FROM ingredient WHERE label = 'Riz'),'QS (pour servir)'),
    ((SELECT id FROM recipe WHERE title = 'Saumon teriyaki'),(SELECT id FROM ingredient WHERE label = 'Pavé de saumon'),'2'),
    ((SELECT id FROM recipe WHERE title = 'Saumon teriyaki'),(SELECT id FROM ingredient WHERE label = 'Sauce soja'),'9 càs'),
    ((SELECT id FROM recipe WHERE title = 'Saumon teriyaki'),(SELECT id FROM ingredient WHERE label = 'Mirin'),'6 càs'),
    ((SELECT id FROM recipe WHERE title = 'Saumon teriyaki'),(SELECT id FROM ingredient WHERE label = 'Cassonade'),'100g'),
    ((SELECT id FROM recipe WHERE title = 'Saumon teriyaki'),(SELECT id FROM ingredient WHERE label = 'Gingembre moulu'),'1 càc'),
    ((SELECT id FROM recipe WHERE title = 'Saumon teriyaki'),(SELECT id FROM ingredient WHERE label = 'Ail'),'1 gousse'),
    ((SELECT id FROM recipe WHERE title = 'Saumon teriyaki'),(SELECT id FROM ingredient WHERE label = 'Graines de sésame'),'QS'),
    ((SELECT id FROM recipe WHERE title = 'Saumon teriyaki'),(SELECT id FROM ingredient WHERE label = 'Riz'),'Accompagnement'),
    ((SELECT id FROM recipe WHERE title = 'Poisson à la provençale'),(SELECT id FROM ingredient WHERE label = 'Filet de poisson blanc'), '2'),
    ((SELECT id FROM recipe WHERE title = 'Poisson à la provençale'),(SELECT id FROM ingredient WHERE label = 'Olives noires'),'2 poignées'),
    ((SELECT id FROM recipe WHERE title = 'Poisson à la provençale'),(SELECT id FROM ingredient WHERE label = 'Tomate'),'1'),
    ((SELECT id FROM recipe WHERE title = 'Poisson à la provençale'),(SELECT id FROM ingredient WHERE label = 'Huile d''olive'),'1 càs'),
    ((SELECT id FROM recipe WHERE title = 'Poisson à la provençale'),(SELECT id FROM ingredient WHERE label = 'Herbes de Provence'),'QS'),
    ((SELECT id FROM recipe WHERE title = 'Bûche de saumon'),(SELECT id FROM ingredient WHERE label = 'Saumon fumé'),'8 tranches'),
    ((SELECT id FROM recipe WHERE title = 'Bûche de saumon'),(SELECT id FROM ingredient WHERE label = 'Saumon frais'),'250g'),
    ((SELECT id FROM recipe WHERE title = 'Bûche de saumon'),(SELECT id FROM ingredient WHERE label = 'Pain de mie sans croûte'),'6 tranches'),
    ((SELECT id FROM recipe WHERE title = 'Bûche de saumon'),(SELECT id FROM ingredient WHERE label = 'Fromage frais'),'250g'),
    ((SELECT id FROM recipe WHERE title = 'Bûche de saumon'),(SELECT id FROM ingredient WHERE label = 'Citron'),'1'),
    ((SELECT id FROM recipe WHERE title = 'Bûche de saumon'),(SELECT id FROM ingredient WHERE label = 'Aneth'),'QS'),
    ((SELECT id FROM recipe WHERE title = 'Fish & chips'),(SELECT id FROM ingredient WHERE label = 'Maïzena'),'50g'),
    ((SELECT id FROM recipe WHERE title = 'Fish & chips'),(SELECT id FROM ingredient WHERE label = 'Farine de blé'),'100g'),
    ((SELECT id FROM recipe WHERE title = 'Fish & chips'),(SELECT id FROM ingredient WHERE label = 'Levure chimique'),'1 càc'),
    ((SELECT id FROM recipe WHERE title = 'Fish & chips'),(SELECT id FROM ingredient WHERE label = 'Cumin'),'1 càc'),
    ((SELECT id FROM recipe WHERE title = 'Fish & chips'),(SELECT id FROM ingredient WHERE label = 'Sucre'),'1 càc'),
    ((SELECT id FROM recipe WHERE title = 'Fish & chips'),(SELECT id FROM ingredient WHERE label = 'Sel'),'1 pincée'),
    ((SELECT id FROM recipe WHERE title = 'Fish & chips'),(SELECT id FROM ingredient WHERE label = 'Poivre'),'QS'),
    ((SELECT id FROM recipe WHERE title = 'Fish & chips'),(SELECT id FROM ingredient WHERE label = 'Eau gazeuse'),'20cl'),
    ((SELECT id FROM recipe WHERE title = 'Fish & chips'),(SELECT id FROM ingredient WHERE label = 'Filet de poisson blanc'),'4'),
    ((SELECT id FROM recipe WHERE title = 'Poisson en croûte de chorizo'),(SELECT id FROM ingredient WHERE label = 'Filet de poisson blanc'),'2'),
    ((SELECT id FROM recipe WHERE title = 'Poisson en croûte de chorizo'),(SELECT id FROM ingredient WHERE label = 'Chorizo'),'QS'),
    ((SELECT id FROM recipe WHERE title = 'Poisson en croûte de chorizo'),(SELECT id FROM ingredient WHERE label = 'Parmesan'),'QS'),
    ((SELECT id FROM recipe WHERE title='Pizza Québécoise'),(SELECT id FROM ingredient WHERE label='Crème fraîche'),'QS'),
    ((SELECT id FROM recipe WHERE title='Pizza Québécoise'),(SELECT id FROM ingredient WHERE label='Bacon'),'QS'),
    ((SELECT id FROM recipe WHERE title='Pizza Québécoise'),(SELECT id FROM ingredient WHERE label='Mozzarella'),'QS'),
    ((SELECT id FROM recipe WHERE title='Pizza Québécoise'),(SELECT id FROM ingredient WHERE label='Chèvre'),'QS'),
    ((SELECT id FROM recipe WHERE title='Pizza Québécoise'),(SELECT id FROM ingredient WHERE label='Cranberries'),'QS'),
    ((SELECT id FROM recipe WHERE title='Pizza Québécoise'),(SELECT id FROM ingredient WHERE label='Noix de pécan'),'QS'),
    ((SELECT id FROM recipe WHERE title='Pizza Québécoise'),(SELECT id FROM ingredient WHERE label='Sirop d''érable'),'QS'),
    ((SELECT id FROM recipe WHERE title = 'Sandwich Raclette'),(SELECT id FROM ingredient WHERE label = 'Fromage à raclette'),'3 tranches'),
    ((SELECT id FROM recipe WHERE title = 'Sandwich Raclette'),(SELECT id FROM ingredient WHERE label = 'Cornichon'),'3'),
    ((SELECT id FROM recipe WHERE title = 'Sandwich Raclette'),(SELECT id FROM ingredient WHERE label = 'Jambon de parme'),'2 tranches'),
    ((SELECT id FROM recipe WHERE title = 'Sandwich brie / lard'),(SELECT id FROM ingredient WHERE label = 'Reblochon'),'3 tranches'),
    ((SELECT id FROM recipe WHERE title = 'Sandwich brie / lard'),(SELECT id FROM ingredient WHERE label = 'Brie'),'3 tranches'),
    ((SELECT id FROM recipe WHERE title = 'Sandwich brie / lard'),(SELECT id FROM ingredient WHERE label = 'Lard fumé cuit'),'3 tranches'),
    ((SELECT id FROM recipe WHERE title = 'Sandwich brie / lard'),(SELECT id FROM ingredient WHERE label = 'Oignon frit'),'QS'),
    ((SELECT id FROM recipe WHERE title = 'Sandwich brie / lard'),(SELECT id FROM ingredient WHERE label = 'Épinards frais'),'QS'),
    ((SELECT id FROM recipe WHERE title = 'Sandwich brie / lard'),(SELECT id FROM ingredient WHERE label = 'Sauce tartare'),'QS'),
    ((SELECT id FROM recipe WHERE title = 'Pâtes chorizo / courgettes'), (SELECT id FROM ingredient WHERE label = 'Pâtes'), '200g'),
    ((SELECT id FROM recipe WHERE title='Brochettes bœuf fromage'), (SELECT id FROM ingredient WHERE label='Carpaccio de bœuf'), '20 tranches'),
    ((SELECT id FROM recipe WHERE title='Brochettes bœuf fromage'), (SELECT id FROM ingredient WHERE label='Gouda'), '400g (ou Comté)'),
    ((SELECT id FROM recipe WHERE title='Brochettes bœuf fromage'), (SELECT id FROM ingredient WHERE label='Sauce soja claire'), '70 mL'),
    ((SELECT id FROM recipe WHERE title='Brochettes bœuf fromage'), (SELECT id FROM ingredient WHERE label='Sucre'), '50g'),
    ((SELECT id FROM recipe WHERE title='Brochettes bœuf fromage'), (SELECT id FROM ingredient WHERE label='Miel'), '1 càs'),
    ((SELECT id FROM recipe WHERE title='Brochettes bœuf fromage'), (SELECT id FROM ingredient WHERE label='Huile de tournesol'), '1 càs'),
    ((SELECT id FROM recipe WHERE title='Banh Bao'), (SELECT id FROM ingredient WHERE label='Farine de blé'), '300g'),
    ((SELECT id FROM recipe WHERE title='Banh Bao'), (SELECT id FROM ingredient WHERE label='Farine de riz blanc'), '50g'),
    ((SELECT id FROM recipe WHERE title='Banh Bao'), (SELECT id FROM ingredient WHERE label='Levure boulangère'), '1 sachet'),
    ((SELECT id FROM recipe WHERE title='Banh Bao'), (SELECT id FROM ingredient WHERE label='Levure chimique'), '1 càc'),
    ((SELECT id FROM recipe WHERE title='Banh Bao'), (SELECT id FROM ingredient WHERE label='Sucre'), '4 càs'),
    ((SELECT id FROM recipe WHERE title='Banh Bao'), (SELECT id FROM ingredient WHERE label='Eau'), '20 cL'),
    ((SELECT id FROM recipe WHERE title='Banh Bao'), (SELECT id FROM ingredient WHERE label='Huile de tournesol'), '2 càs'),
    ((SELECT id FROM recipe WHERE title='Banh Bao'), (SELECT id FROM ingredient WHERE label='Viande hachée'), '350g'),
    ((SELECT id FROM recipe WHERE title='Banh Bao'), (SELECT id FROM ingredient WHERE label='Champignons noirs'), '6g'),
    ((SELECT id FROM recipe WHERE title='Banh Bao'), (SELECT id FROM ingredient WHERE label='Œuf dur'), '2'),
    ((SELECT id FROM recipe WHERE title='Banh Bao'), (SELECT id FROM ingredient WHERE label='Sauce Nuoc Mam'), '3 càs'),
    ((SELECT id FROM recipe WHERE title='Banh Bao'), (SELECT id FROM ingredient WHERE label='Sauce huitre'), '2 càs'),
    ((SELECT id FROM recipe WHERE title='Banh Bao'), (SELECT id FROM ingredient WHERE label='Carotte'), '1'),
    ((SELECT id FROM recipe WHERE title='Banh Bao'), (SELECT id FROM ingredient WHERE label='Cébette'), 'QS'),
    ((SELECT id FROM recipe WHERE title='Nouilles sautées'), (SELECT id FROM ingredient WHERE label='Sauce huitre'), '3 càs'),
    ((SELECT id FROM recipe WHERE title='Nouilles sautées'), (SELECT id FROM ingredient WHERE label='Maggi'), '1 càs'),
    ((SELECT id FROM recipe WHERE title='Nouilles sautées'), (SELECT id FROM ingredient WHERE label='Huile de sésame'), '2 càc'),
    ((SELECT id FROM recipe WHERE title='Nouilles sautées'), (SELECT id FROM ingredient WHERE label='Carotte'), '1'),
    ((SELECT id FROM recipe WHERE title='Nouilles sautées'), (SELECT id FROM ingredient WHERE label='Oignon'), '1'),
    ((SELECT id FROM recipe WHERE title='Nouilles sautées'), (SELECT id FROM ingredient WHERE label='Poivron'), '½'),
    ((SELECT id FROM recipe WHERE title='Nouilles sautées'), (SELECT id FROM ingredient WHERE label='Ail'), '1 gousse'),
    ((SELECT id FROM recipe WHERE title='Nouilles sautées'), (SELECT id FROM ingredient WHERE label='Poulet'), '1 ou 2 filets (ou Bœuf)'),
    ((SELECT id FROM recipe WHERE title='Nouilles sautées'), (SELECT id FROM ingredient WHERE label='Nouilles de blé'), '200g'),
    ((SELECT id FROM recipe WHERE title='Udon crémeuses'), (SELECT id FROM ingredient WHERE label='Oignon'), '1'),
    ((SELECT id FROM recipe WHERE title='Udon crémeuses'), (SELECT id FROM ingredient WHERE label='Ail'), '1 gousse'),
    ((SELECT id FROM recipe WHERE title='Udon crémeuses'), (SELECT id FROM ingredient WHERE label='Champignons'), 'QS'),
    ((SELECT id FROM recipe WHERE title='Udon crémeuses'), (SELECT id FROM ingredient WHERE label='Brocolis'), 'QS'),
    ((SELECT id FROM recipe WHERE title='Udon crémeuses'), (SELECT id FROM ingredient WHERE label='Poivron'), '½'),
    ((SELECT id FROM recipe WHERE title='Udon crémeuses'), (SELECT id FROM ingredient WHERE label='Sauce soja claire'), '2 càs'),
    ((SELECT id FROM recipe WHERE title='Udon crémeuses'), (SELECT id FROM ingredient WHERE label='Sauce huitre'), '1 càs'),
    ((SELECT id FROM recipe WHERE title='Udon crémeuses'), (SELECT id FROM ingredient WHERE label='Sauce soja dark'), '½ càs'),
    ((SELECT id FROM recipe WHERE title='Udon crémeuses'), (SELECT id FROM ingredient WHERE label='Crème épaisse'), '1 briquette'),
    ((SELECT id FROM recipe WHERE title='Udon crémeuses'), (SELECT id FROM ingredient WHERE label='Nouilles Udon'), '2 sachets'),
    ((SELECT id FROM recipe WHERE title='Porc glacé'), (SELECT id FROM ingredient WHERE label='Poitrine de porc'), '500g'),
    ((SELECT id FROM recipe WHERE title='Porc glacé'), (SELECT id FROM ingredient WHERE label='Sauce huitre'), '2 càs'),
    ((SELECT id FROM recipe WHERE title='Porc glacé'), (SELECT id FROM ingredient WHERE label='Sauce soja claire'), '1.5 càs'),
    ((SELECT id FROM recipe WHERE title='Porc glacé'), (SELECT id FROM ingredient WHERE label='Gingembre'), '1 càc'),
    ((SELECT id FROM recipe WHERE title='Porc glacé'), (SELECT id FROM ingredient WHERE label='Miel'), '2 càs'),
    ((SELECT id FROM recipe WHERE title='Porc glacé'), (SELECT id FROM ingredient WHERE label='Chinese cooking wine'), '3 càs'),
    ((SELECT id FROM recipe WHERE title='Porc glacé'), (SELECT id FROM ingredient WHERE label='Poudre 5 épices'), '1 càc'),
    ((SELECT id FROM recipe WHERE title='Porc glacé'), (SELECT id FROM ingredient WHERE label='Riz'), 'Accompagnement'),
    ((SELECT id FROM recipe WHERE title='Porc glacé'), (SELECT id FROM ingredient WHERE label='Légumes verts'), 'Accompagnement'),
    ((SELECT id FROM recipe WHERE title='Pâtes fraiches'), (SELECT id FROM ingredient WHERE label='Farine'), '200g'),
    ((SELECT id FROM recipe WHERE title='Pâtes fraiches'), (SELECT id FROM ingredient WHERE label='Œuf'), '2'),
    ((SELECT id FROM recipe WHERE title='Pâtes fraiches tomate'), (SELECT id FROM ingredient WHERE label='Farine'), '200g'),
    ((SELECT id FROM recipe WHERE title='Pâtes fraiches tomate'), (SELECT id FROM ingredient WHERE label='Œuf'), '2'),
    ((SELECT id FROM recipe WHERE title='Pâtes fraiches tomate'), (SELECT id FROM ingredient WHERE label='Concentré de tomate'), '1 à 2 càs'),
    ((SELECT id FROM recipe WHERE title='Pâtes fraiches épinards'), (SELECT id FROM ingredient WHERE label='Farine'), '200g'),
    ((SELECT id FROM recipe WHERE title='Pâtes fraiches épinards'), (SELECT id FROM ingredient WHERE label='Épinards frais'), '50g'),
    ((SELECT id FROM recipe WHERE title='Pâtes fraiches épinards'), (SELECT id FROM ingredient WHERE label='Œuf'), '1'),
    ((SELECT id FROM recipe WHERE title='Gnocchis'), (SELECT id FROM ingredient WHERE label='Pommes de terre violette'), '1 kg'),
    ((SELECT id FROM recipe WHERE title='Gnocchis'), (SELECT id FROM ingredient WHERE label='Farine'), '250g'),
    ((SELECT id FROM recipe WHERE title='Gnocchis'), (SELECT id FROM ingredient WHERE label='Jaune d’œuf'), '2'),
    ((SELECT id FROM recipe WHERE title='Pâte à tarte healthy'), (SELECT id FROM ingredient WHERE label='Farine'), '220g'),
    ((SELECT id FROM recipe WHERE title='Pâte à tarte healthy'), (SELECT id FROM ingredient WHERE label='Fromage blanc'), '145g'),
    ((SELECT id FROM recipe WHERE title='Pâte à tarte healthy'), (SELECT id FROM ingredient WHERE label='Huile d''olive'), '2 càs'),
    ((SELECT id FROM recipe WHERE title='Pâte à tarte healthy'), (SELECT id FROM ingredient WHERE label='Origan'), 'QS'),
    ((SELECT id FROM recipe WHERE title='Naans'), (SELECT id FROM ingredient WHERE label='Farine de blé'), '500g'),
    ((SELECT id FROM recipe WHERE title='Naans'), (SELECT id FROM ingredient WHERE label='Levure boulangère'), '1 sachet'),
    ((SELECT id FROM recipe WHERE title='Naans'), (SELECT id FROM ingredient WHERE label='Eau'), 'QS'),
    ((SELECT id FROM recipe WHERE title='Naans'), (SELECT id FROM ingredient WHERE label='Sel'), '1 càc'),
    ((SELECT id FROM recipe WHERE title='Naans'), (SELECT id FROM ingredient WHERE label='Yaourt nature'), '150g'),
    ((SELECT id FROM recipe WHERE title='Bretzels'), (SELECT id FROM ingredient WHERE label='Farine'), '500g'),
    ((SELECT id FROM recipe WHERE title='Bretzels'), (SELECT id FROM ingredient WHERE label='Lait'), '20 cL'),
    ((SELECT id FROM recipe WHERE title='Bretzels'), (SELECT id FROM ingredient WHERE label='Eau'), '10 cL'),
    ((SELECT id FROM recipe WHERE title='Bretzels'), (SELECT id FROM ingredient WHERE label='Beurre mou'), '30g'),
    ((SELECT id FROM recipe WHERE title='Bretzels'), (SELECT id FROM ingredient WHERE label='Sel'), '10g'),
    ((SELECT id FROM recipe WHERE title='Bretzels'), (SELECT id FROM ingredient WHERE label='Levure boulangère'), '1 sachet ou ½ cube frais'),
    ((SELECT id FROM recipe WHERE title='Bretzels'), (SELECT id FROM ingredient WHERE label='Gros sel'), 'QS'),
    ((SELECT id FROM recipe WHERE title='Bretzels'), (SELECT id FROM ingredient WHERE label='Bicarbonate de soude'), '75g'),
    ((SELECT id FROM recipe WHERE title='Kesra'), (SELECT id FROM ingredient WHERE label='Semoule extra-fine'), '500g'),
    ((SELECT id FROM recipe WHERE title='Kesra'), (SELECT id FROM ingredient WHERE label='Huile de tournesol'), '100g'),
    ((SELECT id FROM recipe WHERE title='Kesra'), (SELECT id FROM ingredient WHERE label='Sel'), '10g'),
    ((SELECT id FROM recipe WHERE title='Kesra'), (SELECT id FROM ingredient WHERE label='Eau'), '200g'),
    ((SELECT id FROM recipe WHERE title='Béchamel'), (SELECT id FROM ingredient WHERE label='Beurre'), '50g'),
    ((SELECT id FROM recipe WHERE title='Béchamel'), (SELECT id FROM ingredient WHERE label='Farine'), '50g'),
    ((SELECT id FROM recipe WHERE title='Béchamel'), (SELECT id FROM ingredient WHERE label='Lait'), '500 mL'),
    ((SELECT id FROM recipe WHERE title='Béchamel'), (SELECT id FROM ingredient WHERE label='Sel'), '1 pincée'),
    ((SELECT id FROM recipe WHERE title='Béchamel'), (SELECT id FROM ingredient WHERE label='Poivre'), '1 pincée'),
    ((SELECT id FROM recipe WHERE title='Sauce échalotes vinaigre'), (SELECT id FROM ingredient WHERE label='Échalote'), '2 à 3'),
    ((SELECT id FROM recipe WHERE title='Sauce échalotes vinaigre'), (SELECT id FROM ingredient WHERE label='Vinaigre balsamique'), '50 mL'),
    ((SELECT id FROM recipe WHERE title='Sauce échalotes vinaigre'), (SELECT id FROM ingredient WHERE label='Eau'), '50 mL'),
    ((SELECT id FROM recipe WHERE title='Sauce échalotes vinaigre'), (SELECT id FROM ingredient WHERE label='Miel'), '1 càc'),
    ((SELECT id FROM recipe WHERE title='Sauce aux champignons'), (SELECT id FROM ingredient WHERE label='Beurre'), '40g'),
    ((SELECT id FROM recipe WHERE title='Sauce aux champignons'), (SELECT id FROM ingredient WHERE label='Poivre'), '1 càc'),
    ((SELECT id FROM recipe WHERE title='Sauce aux champignons'), (SELECT id FROM ingredient WHERE label='Champignons émincés'), '150g'),
    ((SELECT id FROM recipe WHERE title='Sauce aux champignons'), (SELECT id FROM ingredient WHERE label='Oignon'), '½'),
    ((SELECT id FROM recipe WHERE title='Sauce aux champignons'), (SELECT id FROM ingredient WHERE label='Ail'), '1 gousse'),
    ((SELECT id FROM recipe WHERE title='Sauce aux champignons'), (SELECT id FROM ingredient WHERE label='Ketchup'), '26g'),
    ((SELECT id FROM recipe WHERE title='Sauce aux champignons'), (SELECT id FROM ingredient WHERE label='Sauce huitre'), '36g'),
    ((SELECT id FROM recipe WHERE title='Sauce aux champignons'), (SELECT id FROM ingredient WHERE label='Sauce soja'), '30g'),
    ((SELECT id FROM recipe WHERE title='Sauce aux champignons'), (SELECT id FROM ingredient WHERE label='Sauce Hoisin'), '15g'),
    ((SELECT id FROM recipe WHERE title='Sauce aux champignons'), (SELECT id FROM ingredient WHERE label='Vinaigre balsamique'), '6g'),
    ((SELECT id FROM recipe WHERE title='Sauce aux champignons'), (SELECT id FROM ingredient WHERE label='Cub or'), '1'),
    ((SELECT id FROM recipe WHERE title='Sauce aux champignons'), (SELECT id FROM ingredient WHERE label='Fécule de maïs'), '12g'),
    ((SELECT id FROM recipe WHERE title='Sauce aux champignons'), (SELECT id FROM ingredient WHERE label='Sucre'), '12g'),
    ((SELECT id FROM recipe WHERE title='Pickles'), (SELECT id FROM ingredient WHERE label='Sucre'), '50g'),
    ((SELECT id FROM recipe WHERE title='Pickles'), (SELECT id FROM ingredient WHERE label='Vinaigre blanc'), '100g'),
    ((SELECT id FROM recipe WHERE title='Pickles'), (SELECT id FROM ingredient WHERE label='Eau'), '150g'),
    ((SELECT id FROM recipe WHERE title='Pickles'), (SELECT id FROM ingredient WHERE label='Légumes'), 'QS');